{"cameraMode":{"drawMode":0,"name":"Shaded","section":"Shading Mode"},"sceneLighting":false,"audioPlay":false,"sceneViewState":{"showFog":true,"showMaterialUpdate":false,"showSkybox":true,"showFlares":true,"showImageEffects":true,"showParticleSystems":true},"in2DMode":false,"pivot":{"x":-1.0615366697311402,"y":-0.3210761547088623,"z":0.07301783561706543},"rotation":{"x":-0.06836205720901489,"y":0.926066517829895,"z":-0.3097788691520691,"w":-0.20436455309391023},"size":1.207395076751709,"orthographic":false}