{"cameraMode":{"drawMode":0,"name":"Shaded","section":"Shading Mode"},"sceneLighting":false,"audioPlay":false,"sceneViewState":{"showFog":true,"showMaterialUpdate":false,"showSkybox":true,"showFlares":true,"showImageEffects":true,"showParticleSystems":true},"in2DMode":false,"pivot":{"x":-2.6131997108459474,"y":0.27007055282592776,"z":0.025421142578125},"rotation":{"x":-0.0119875343516469,"y":0.970371663570404,"z":-0.23624223470687867,"w":-0.0492391400039196},"size":5.407395362854004,"orthographic":false}