{"cameraMode":{"drawMode":0,"name":"Shaded","section":"Shading Mode"},"sceneLighting":false,"audioPlay":false,"sceneViewState":{"showFog":true,"showMaterialUpdate":false,"showSkybox":true,"showFlares":true,"showImageEffects":true,"showParticleSystems":true},"in2DMode":false,"pivot":{"x":-0.8327548503875732,"y":0.11849379539489746,"z":-0.6139073371887207},"rotation":{"x":-0.10818876326084137,"y":0.8765570521354675,"z":-0.2330043464899063,"w":-0.40700364112854006},"size":2.4073948860168459,"orthographic":false}